Vincent Mazaba,,,,,,
Walmart,,,,,,
9.17.2026,,,,,,
Food,Group,price,calories/s,weight g,servings,total kCal
Jasmine Rice,Starch,7.23,180,2270,50,9000
Eggs,Protein,2.47,80,59,18,1440
chicken,Meat,10.35,140,2812.27,25.10955357,3515.3375
Stouffers lazagna,Bread,9.84,280,1075,5,1400
eggo waffles,Bread,2.98,180,70,5,900
Ground beef ,Meat,6.93,280,112,4,1120
Tilipia,Fish,8.87,90,112,8,720
Russet potatos,Starch,3.24,110,2267.96,15,1650
Jif peanutbutter,Nuts,2.98,200,425.243,13,2600
Shredded cheddar,Dairy,1.97,110,226.796,8,880
